Auction Date,Property Address,Final Judgment,Assessed Value,Plaintiff Max Bid,Case #,Parcel ID,Case Link,Parcel Link
04/24/2026 11:00 AM ET,"4204 COLUMBIA ST ORLANDO, 32811-4170","$40,406.69","$279,290.00","$222,388.82",2025-CA-005085-O,TIMESHARE,https://orange.realforeclose.com//index.cfm?zaction=auction&zmethod=details&AID=2025-CA-005085-O&bypassPage=1,https://pcpao.gov/Parcel-Details/TIMESHARE
04/24/2026 11:00 AM ET,"5765 ST CHRISTOPHER DR UNIT 56 ORLANDO, 32822","$133,397.76","$95,259.00","$85,100.00",2025-CA-010318-O,302315793207560,https://orange.realforeclose.com//index.cfm?zaction=auction&zmethod=details&AID=2025-CA-010318-O&bypassPage=1,https://pcpao.gov/Parcel-Details/302315793207560
04/27/2026 11:00 AM ET,"10436 JANE EYRE DR ORLANDO, 32825","$233,018.61","$303,087.00",Hidden,2025-CA-007146-O,312229668802200,https://orange.realforeclose.com//index.cfm?zaction=auction&zmethod=details&AID=2025-CA-007146-O&bypassPage=1,https://pcpao.gov/Parcel-Details/312229668802200
04/27/2026 11:00 AM ET,"2707 GRASSMERE LN ORLANDO, 32808","$353,453.90","$348,790.00",Hidden,2025-CA-010076-O,282213923802040,https://orange.realforeclose.com//index.cfm?zaction=auction&zmethod=details&AID=2025-CA-010076-O&bypassPage=1,https://pcpao.gov/Parcel-Details/282213923802040
04/28/2026 11:00 AM ET,"2943 WOOLRIDGE DR ORLANDO, 32837","$3,545.71","$112,760.00",Hidden,2024-CA-011315-O,TIMESHARE,https://orange.realforeclose.com//index.cfm?zaction=auction&zmethod=details&AID=2024-CA-011315-O&bypassPage=1,https://pcpao.gov/Parcel-Details/TIMESHARE
04/28/2026 11:00 AM ET,"101 W GRANT ST ORLANDO, 32806","$6,705.78","$501,950.00",Hidden,2025-CA-006362-O,TIMESHARE,https://orange.realforeclose.com//index.cfm?zaction=auction&zmethod=details&AID=2025-CA-006362-O&bypassPage=1,https://pcpao.gov/Parcel-Details/TIMESHARE
04/29/2026 11:00 AM ET,"5001 LATROBE DR WINDERMERE, 34786","$208,841.27","$1,971,063.00",Hidden,2024-CA-001315-O,MULTIPLE,https://orange.realforeclose.com//index.cfm?zaction=auction&zmethod=details&AID=2024-CA-001315-O&bypassPage=1,https://pcpao.gov/Parcel-Details/MULTIPLE
04/29/2026 11:00 AM ET,"7921 RIFFLE LN ORLANDO, 32818","$12,238.62","$282,021.00",Hidden,2024-CA-005904-O,282202755701060,https://orange.realforeclose.com//index.cfm?zaction=auction&zmethod=details&AID=2024-CA-005904-O&bypassPage=1,https://pcpao.gov/Parcel-Details/282202755701060
04/29/2026 11:00 AM ET,"143 BRIGADOON PT ORLANDO, 32835","$272,579.73","$132,860.00",Hidden,2024-CA-006502-O,282226922400560,https://orange.realforeclose.com//index.cfm?zaction=auction&zmethod=details&AID=2024-CA-006502-O&bypassPage=1,https://pcpao.gov/Parcel-Details/282226922400560
04/30/2026 11:00 AM ET,"8228 SOMMERVILLE DR ORLANDO, 32829","$318,270.43","$282,379.00",Hidden,2019-CA-013607-O,302324898000970,https://orange.realforeclose.com//index.cfm?zaction=auction&zmethod=details&AID=2019-CA-013607-O&bypassPage=1,https://pcpao.gov/Parcel-Details/302324898000970
04/30/2026 11:00 AM ET,"12043 WHITE WAVE PT ORLANDO, 32828","$46,107.48","$258,315.00",Hidden,2025-CA-011322-O,MULTIPLE,https://orange.realforeclose.com//index.cfm?zaction=auction&zmethod=details&AID=2025-CA-011322-O&bypassPage=1,https://pcpao.gov/Parcel-Details/MULTIPLE
05/01/2026 11:00 AM ET,"2533 BRAMPTON CT ORLANDO, 32817","$184,647.91","$222,099.00",Hidden,2024-CA-006165-O,312218022401890,https://orange.realforeclose.com//index.cfm?zaction=auction&zmethod=details&AID=2024-CA-006165-O&bypassPage=1,https://pcpao.gov/Parcel-Details/312218022401890
05/01/2026 11:00 AM ET,"9925 RED CLOVER AVE ORLANDO, 32824","$207,893.12","$88,379.00",Hidden,2025-CA-005675-O,302406555901010,https://orange.realforeclose.com//index.cfm?zaction=auction&zmethod=details&AID=2025-CA-005675-O&bypassPage=1,https://pcpao.gov/Parcel-Details/302406555901010
05/04/2026 11:00 AM ET,"962 GRAND HILLTOP DR APOPKA, 32703","$318,282.84","$367,270.00",Hidden,2023-CA-012700-O,282121363201490,https://orange.realforeclose.com//index.cfm?zaction=auction&zmethod=details&AID=2023-CA-012700-O&bypassPage=1,https://pcpao.gov/Parcel-Details/282121363201490
05/05/2026 11:00 AM ET,"7101 WHITE TRILLIUM CIR ORLANDO, 32818","$740,905.16","$340,660.00",Hidden,2015-CA-010814-O,282202243100410,https://orange.realforeclose.com//index.cfm?zaction=auction&zmethod=details&AID=2015-CA-010814-O&bypassPage=1,https://pcpao.gov/Parcel-Details/282202243100410
05/05/2026 11:00 AM ET,"7866 BARDMOOR HILL CIR ORLANDO, 32835","$527,527.95","$331,673.00",Hidden,2017-CA-002998-O,282303566201490,https://orange.realforeclose.com//index.cfm?zaction=auction&zmethod=details&AID=2017-CA-002998-O&bypassPage=1,https://pcpao.gov/Parcel-Details/282303566201490
05/05/2026 11:00 AM ET,"4025 SHORECREST DR ORLANDO, 32804","$215,315.97","$258,801.00",Hidden,2023-CA-011611-O,292211069206150,https://orange.realforeclose.com//index.cfm?zaction=auction&zmethod=details&AID=2023-CA-011611-O&bypassPage=1,https://pcpao.gov/Parcel-Details/292211069206150
05/05/2026 11:00 AM ET,"10244 SANDY MARSH LN ORLANDO, 32832","$354,853.35","$540,558.00",Hidden,2023-CA-011632-O,312409512901190,https://orange.realforeclose.com//index.cfm?zaction=auction&zmethod=details&AID=2023-CA-011632-O&bypassPage=1,https://pcpao.gov/Parcel-Details/312409512901190
05/06/2026 11:00 AM ET,"9923 CASTLETON ST ORLANDO, 32817","$370,746.51","$217,416.00",Hidden,2022-CA-003757-O,312207380001620,https://orange.realforeclose.com//index.cfm?zaction=auction&zmethod=details&AID=2022-CA-003757-O&bypassPage=1,https://pcpao.gov/Parcel-Details/312207380001620
05/06/2026 11:00 AM ET,"5317 INDIAN CREEK DRIVE # F-02 ORLANDO, 32811","$54,932.02","$566,290.00",Hidden,2023-CC-009899-O,Property,https://orange.realforeclose.com//index.cfm?zaction=auction&zmethod=details&AID=2023-CC-009899-O&bypassPage=1,https://pcpao.gov/Parcel-Details/Property
05/06/2026 11:00 AM ET,"5263 CORAL CT UNIT 632 ORLANDO, 32811","$123,031.31","$207,300.00","$22,118.35",2025-CA-008451-O,TIMESHARE,https://orange.realforeclose.com//index.cfm?zaction=auction&zmethod=details&AID=2025-CA-008451-O&bypassPage=1,https://pcpao.gov/Parcel-Details/TIMESHARE
05/07/2026 11:00 AM ET,"2213 BONNEVILLE DR ORLANDO, 32826","$128,775.10","$189,750.00",Hidden,2022-CA-005715-O,312214653910053,https://orange.realforeclose.com//index.cfm?zaction=auction&zmethod=details&AID=2022-CA-005715-O&bypassPage=1,https://pcpao.gov/Parcel-Details/312214653910053
05/07/2026 11:00 AM ET,"7133 TALLOWTREE LN ORLANDO, 32835","$318,677.53","$393,800.00",Hidden,2023-CA-014748-O,282226393000110,https://orange.realforeclose.com//index.cfm?zaction=auction&zmethod=details&AID=2023-CA-014748-O&bypassPage=1,https://pcpao.gov/Parcel-Details/282226393000110
05/07/2026 11:00 AM ET,"1504 ST LAWRENCE ST ORLANDO, 32818","$377,470.74","$302,470.00",Hidden,2024-CA-001014-O,282222889200430,https://orange.realforeclose.com//index.cfm?zaction=auction&zmethod=details&AID=2024-CA-001014-O&bypassPage=1,https://pcpao.gov/Parcel-Details/282222889200430
05/07/2026 11:00 AM ET,"1984 CASABA COVE AVE OCOEE, 34761","$33,263.02","$401,900.00",Hidden,2024-CA-005626-O,282204627400500,https://orange.realforeclose.com//index.cfm?zaction=auction&zmethod=details&AID=2024-CA-005626-O&bypassPage=1,https://pcpao.gov/Parcel-Details/282204627400500
05/07/2026 11:00 AM ET,"10633 WATERTOWN CT ORLANDO, 32821","$349,142.59","$294,100.00",Hidden,2024-CA-010848-O,292407935903090,https://orange.realforeclose.com//index.cfm?zaction=auction&zmethod=details&AID=2024-CA-010848-O&bypassPage=1,https://pcpao.gov/Parcel-Details/292407935903090
05/07/2026 11:00 AM ET,"5313 INDIAN CREEK DRIVE ORLANDO, 32811","$19,034.42","$594,160.00",Hidden,2024-CC-017891-O,Property,https://orange.realforeclose.com//index.cfm?zaction=auction&zmethod=details&AID=2024-CC-017891-O&bypassPage=1,https://pcpao.gov/Parcel-Details/Property
05/07/2026 11:00 AM ET,"430 ASHLEY BROOKE CT APOPKA, 32712","$303,364.43","$229,776.00",Hidden,2025-CA-003935-O,282105646149020,https://orange.realforeclose.com//index.cfm?zaction=auction&zmethod=details&AID=2025-CA-003935-O&bypassPage=1,https://pcpao.gov/Parcel-Details/282105646149020
05/07/2026 11:00 AM ET,"449 LAKE VIEW DR APOPKA, 32703","$241,942.74","$275,110.00",Hidden,2025-CA-009407-O,282106718802020,https://orange.realforeclose.com//index.cfm?zaction=auction&zmethod=details&AID=2025-CA-009407-O&bypassPage=1,https://pcpao.gov/Parcel-Details/282106718802020
05/08/2026 11:00 AM ET,"6201 DARTMOOR CT ORLANDO, 32819","$980,836.75","$522,061.00",Hidden,2017-CA-003909-O,282327052700150,https://orange.realforeclose.com//index.cfm?zaction=auction&zmethod=details&AID=2017-CA-003909-O&bypassPage=1,https://pcpao.gov/Parcel-Details/282327052700150
05/08/2026 11:00 AM ET,"2487 LAKEWAY BRANCH DR UNIT 21 ORLANDO, 32839","$23,168.73","$65,102.00",Hidden,2025-CC-011967-O,292309499822107,https://orange.realforeclose.com//index.cfm?zaction=auction&zmethod=details&AID=2025-CC-011967-O&bypassPage=1,https://pcpao.gov/Parcel-Details/292309499822107
05/11/2026 11:00 AM ET,"4860 HOPESPRING DR ORLANDO, 32829","$73,169.83","$286,865.00",Hidden,2025-CA-004691-O,TIMESHARE,https://orange.realforeclose.com//index.cfm?zaction=auction&zmethod=details&AID=2025-CA-004691-O&bypassPage=1,https://pcpao.gov/Parcel-Details/TIMESHARE
05/12/2026 11:00 AM ET,"632 LOST GROVE CIR WINTER GARDEN, 34787","$347,446.92","$424,114.00",Hidden,2022-CA-002022-O,272235323100370,https://orange.realforeclose.com//index.cfm?zaction=auction&zmethod=details&AID=2022-CA-002022-O&bypassPage=1,https://pcpao.gov/Parcel-Details/272235323100370
05/12/2026 11:00 AM ET,"11419 BRINDLE ST ORLANDO, 32824","$204,280.55","$125,267.00",Hidden,2024-CA-005708-O,302418887300550,https://orange.realforeclose.com//index.cfm?zaction=auction&zmethod=details&AID=2024-CA-005708-O&bypassPage=1,https://pcpao.gov/Parcel-Details/302418887300550
05/12/2026 11:00 AM ET,"1211 FLOWERS POINTE LN ORLANDO, 32825","$238,395.47","$212,316.00",Hidden,2024-CA-008033-O,312220280200130,https://orange.realforeclose.com//index.cfm?zaction=auction&zmethod=details&AID=2024-CA-008033-O&bypassPage=1,https://pcpao.gov/Parcel-Details/312220280200130
05/12/2026 11:00 AM ET,"1406 SPRING FEST LN ORLANDO, 32828","$7,209.49","$562,790.00",Hidden,2024-CA-011067-O,TIMESHARE,https://orange.realforeclose.com//index.cfm?zaction=auction&zmethod=details&AID=2024-CA-011067-O&bypassPage=1,https://pcpao.gov/Parcel-Details/TIMESHARE
05/13/2026 11:00 AM ET,"13008 GRAND BANK LN ORLANDO, 32825","$329,078.13","$186,683.00",Hidden,2022-CA-007038-O,312309020600290,https://orange.realforeclose.com//index.cfm?zaction=auction&zmethod=details&AID=2022-CA-007038-O&bypassPage=1,https://pcpao.gov/Parcel-Details/312309020600290
05/14/2026 11:00 AM ET,"3142 TIMUCUA CIR ORLANDO, 32837","$546,965.83","$495,130.00",Hidden,2024-CA-010048-O,292433310901080,https://orange.realforeclose.com//index.cfm?zaction=auction&zmethod=details&AID=2024-CA-010048-O&bypassPage=1,https://pcpao.gov/Parcel-Details/292433310901080
05/14/2026 11:00 AM ET,"4066 FEATHER TREE DR APOPKA, 32712","$7,802.88","$370,900.00",Hidden,2025-CC-016191-O,272013933501070,https://orange.realforeclose.com//index.cfm?zaction=auction&zmethod=details&AID=2025-CC-016191-O&bypassPage=1,https://pcpao.gov/Parcel-Details/272013933501070
05/18/2026 11:00 AM ET,"121 PROSPER DR APOPKA, 32703","$210,563.99","$48,086.00",Hidden,2025-CA-004151-O,282111284000020,https://orange.realforeclose.com//index.cfm?zaction=auction&zmethod=details&AID=2025-CA-004151-O&bypassPage=1,https://pcpao.gov/Parcel-Details/282111284000020
05/19/2026 11:00 AM ET,"5302 BURNING TREE ORLANDO, 32811","$110,469.33","$157,645.00",Hidden,2022-CA-005532-O,Property,https://orange.realforeclose.com//index.cfm?zaction=auction&zmethod=details&AID=2022-CA-005532-O&bypassPage=1,https://pcpao.gov/Parcel-Details/Property
05/19/2026 11:00 AM ET,"5237 ISLEWORTH COUNTRY CLUB DR WINDERMERE, 34786","$3,249,265.57","$2,770,580.00",Hidden,2024-CA-009079-O,282316389902320,https://orange.realforeclose.com//index.cfm?zaction=auction&zmethod=details&AID=2024-CA-009079-O&bypassPage=1,https://pcpao.gov/Parcel-Details/282316389902320
05/19/2026 11:00 AM ET,"4010 OLD WINTER GARDEN RD ORLANDO, 32805","$452,364.74","$980,027.00",Hidden,2024-CA-010374-O,292229459203030,https://orange.realforeclose.com//index.cfm?zaction=auction&zmethod=details&AID=2024-CA-010374-O&bypassPage=1,https://pcpao.gov/Parcel-Details/292229459203030
05/19/2026 11:00 AM ET,"1407 KENNY CT WINTER GARDEN, 34787","$2,236.36","$77,437.00",Hidden,2025-CA-006161-O,TIMESHARE,https://orange.realforeclose.com//index.cfm?zaction=auction&zmethod=details&AID=2025-CA-006161-O&bypassPage=1,https://pcpao.gov/Parcel-Details/TIMESHARE
05/20/2026 11:00 AM ET,"1148 GRAND HILLTOP DR APOPKA, 32703","$240,485.89","$235,038.00",Hidden,2019-CA-006693-O,282121363000090,https://orange.realforeclose.com//index.cfm?zaction=auction&zmethod=details&AID=2019-CA-006693-O&bypassPage=1,https://pcpao.gov/Parcel-Details/282121363000090
05/20/2026 11:00 AM ET,"1268 DEGRAW DR APOPKA, 32712","$387,636.58","$327,171.00",Hidden,2023-CA-013464-O,282017743101098,https://orange.realforeclose.com//index.cfm?zaction=auction&zmethod=details&AID=2023-CA-013464-O&bypassPage=1,https://pcpao.gov/Parcel-Details/282017743101098
05/20/2026 11:00 AM ET,"1225 LAKE SHADOW CIR UNIT 1410 MAITLAND, 32751","$157,276.44","$176,925.00",Hidden,2025-CA-003080-O,292127892514102,https://orange.realforeclose.com//index.cfm?zaction=auction&zmethod=details&AID=2025-CA-003080-O&bypassPage=1,https://pcpao.gov/Parcel-Details/292127892514102
05/20/2026 11:00 AM ET,"7001 BLAIR DR ORLANDO, 32818","$212,620.82","$80,122.00",Hidden,2025-CA-004286-O,282223540300140,https://orange.realforeclose.com//index.cfm?zaction=auction&zmethod=details&AID=2025-CA-004286-O&bypassPage=1,https://pcpao.gov/Parcel-Details/282223540300140
05/20/2026 11:00 AM ET,"3243 STONEWYCK ST ORLANDO, 32824","$126,376.93","$566,290.00",Hidden,2025-CA-005772-O,TIMESHARE,https://orange.realforeclose.com//index.cfm?zaction=auction&zmethod=details&AID=2025-CA-005772-O&bypassPage=1,https://pcpao.gov/Parcel-Details/TIMESHARE
05/20/2026 11:00 AM ET,"3705 CONNOR AVE ORLANDO, 32808","$210,354.30","$132,436.00",Hidden,2025-CA-009196-O,TIMESHARE,https://orange.realforeclose.com//index.cfm?zaction=auction&zmethod=details&AID=2025-CA-009196-O&bypassPage=1,https://pcpao.gov/Parcel-Details/TIMESHARE
05/21/2026 11:00 AM ET,"5627 MASTERS BLVD ORLANDO, 32819","$587,486.99","$560,370.00",Hidden,2023-CA-004589-O,282321055404260,https://orange.realforeclose.com//index.cfm?zaction=auction&zmethod=details&AID=2023-CA-004589-O&bypassPage=1,https://pcpao.gov/Parcel-Details/282321055404260
05/21/2026 11:00 AM ET,"1547 PRIORY CIR WINTER GARDEN, 34787-5566","$378,380.92","$228,654.00",Hidden,2024-CA-010876-O,272233829300330,https://orange.realforeclose.com//index.cfm?zaction=auction&zmethod=details&AID=2024-CA-010876-O&bypassPage=1,https://pcpao.gov/Parcel-Details/272233829300330
05/21/2026 11:00 AM ET,"2508 LASSEK DR ORLANDO, 32806","$207,864.37","$240,974.00",Hidden,2025-CA-005135-O,302306217400150,https://orange.realforeclose.com//index.cfm?zaction=auction&zmethod=details&AID=2025-CA-005135-O&bypassPage=1,https://pcpao.gov/Parcel-Details/302306217400150
05/21/2026 11:00 AM ET,"4705 STONY BROOK LN ORLANDO, 32808","$217,701.45","$206,249.00",Hidden,2025-CA-009690-O,292207803207010,https://orange.realforeclose.com//index.cfm?zaction=auction&zmethod=details&AID=2025-CA-009690-O&bypassPage=1,https://pcpao.gov/Parcel-Details/292207803207010
05/21/2026 11:00 AM ET,"6192 TIVOLI GARDENS BLVD ORLANDO, 32829","$450,914.18","$300,140.00",Hidden,2025-CA-010299-O,LIQUOR,https://orange.realforeclose.com//index.cfm?zaction=auction&zmethod=details&AID=2025-CA-010299-O&bypassPage=1,https://pcpao.gov/Parcel-Details/LIQUOR
05/21/2026 11:00 AM ET,"2242 J LAWSON BLVD ORLANDO, 32824","$5,866.20","$280,038.00",Hidden,2025-CC-022894-O,302429033100410,https://orange.realforeclose.com//index.cfm?zaction=auction&zmethod=details&AID=2025-CC-022894-O&bypassPage=1,https://pcpao.gov/Parcel-Details/302429033100410
05/26/2026 11:00 AM ET,"8503 SAN MARINO BLVD ORLANDO, 32836","$1,461,521.40","$38,779.00",Hidden,2017-CA-000599-O,Property,https://orange.realforeclose.com//index.cfm?zaction=auction&zmethod=details&AID=2017-CA-000599-O&bypassPage=1,https://pcpao.gov/Parcel-Details/Property
05/26/2026 11:00 AM ET,"2902 CALUMET DR ORLANDO, 32810","$339,726.01","$267,844.00",Hidden,2024-CA-008721-O,292128368300520,https://orange.realforeclose.com//index.cfm?zaction=auction&zmethod=details&AID=2024-CA-008721-O&bypassPage=1,https://pcpao.gov/Parcel-Details/292128368300520
05/26/2026 11:00 AM ET,"5705 OXFORD MOOR BLVD WINDERMERE, 34786","$9,867.58","$1,156,020.00",Hidden,2024-CC-014122-O,272314584700200,https://orange.realforeclose.com//index.cfm?zaction=auction&zmethod=details&AID=2024-CC-014122-O&bypassPage=1,https://pcpao.gov/Parcel-Details/272314584700200
05/26/2026 11:00 AM ET,"903 DOREEN AVE OCOEE, 34761","$77,189.73","$197,890.00",Hidden,2025-CA-000605-O,282208676704400,https://orange.realforeclose.com//index.cfm?zaction=auction&zmethod=details&AID=2025-CA-000605-O&bypassPage=1,https://pcpao.gov/Parcel-Details/282208676704400
05/26/2026 11:00 AM ET,"9651 BISCOTTI AVE ORLANDO, 32829","$10,842.54","$304,850.00",Hidden,2025-CA-007684-O,312318177600680,https://orange.realforeclose.com//index.cfm?zaction=auction&zmethod=details&AID=2025-CA-007684-O&bypassPage=1,https://pcpao.gov/Parcel-Details/312318177600680
05/26/2026 11:00 AM ET,"12144 BRUCETON WAY UNIT 101 ORLANDO, 32828","$8,007.79","$297,600.00",Hidden,2025-CA-011000-O,312234863306101,https://orange.realforeclose.com//index.cfm?zaction=auction&zmethod=details&AID=2025-CA-011000-O&bypassPage=1,https://pcpao.gov/Parcel-Details/312234863306101
05/27/2026 11:00 AM ET,"202 S ORANGE BLOSSOM TRL ORLANDO, 32805","$1,110,860.91","$1,174,034.00",Hidden,2024-CA-000164-O,292227000000084,https://orange.realforeclose.com//index.cfm?zaction=auction&zmethod=details&AID=2024-CA-000164-O&bypassPage=1,https://pcpao.gov/Parcel-Details/292227000000084
05/27/2026 11:00 AM ET,"4218 CROSSEN DR ORLANDO, 32822","$251,267.57","$175,580.00",Hidden,2024-CA-000674-O,302313233201780,https://orange.realforeclose.com//index.cfm?zaction=auction&zmethod=details&AID=2024-CA-000674-O&bypassPage=1,https://pcpao.gov/Parcel-Details/302313233201780
05/27/2026 11:00 AM ET,"211 S ULYSSES DR APOPKA, 32703","$242,985.77","$184,100.00",Hidden,2024-CA-003029-O,282112911805130,https://orange.realforeclose.com//index.cfm?zaction=auction&zmethod=details&AID=2024-CA-003029-O&bypassPage=1,https://pcpao.gov/Parcel-Details/282112911805130
05/27/2026 11:00 AM ET,"1803 BALSAWOOD CT ORLANDO, 32818","$2,194.17","$292,491.00",Hidden,2024-CA-009940-O,TIMESHARE,https://orange.realforeclose.com//index.cfm?zaction=auction&zmethod=details&AID=2024-CA-009940-O&bypassPage=1,https://pcpao.gov/Parcel-Details/TIMESHARE
05/28/2026 11:00 AM ET,"2005 ROCKWELL RD ORLANDO, 32808","$166,314.18","$51,870.00",Hidden,2022-CA-006698-O,282213756816150,https://orange.realforeclose.com//index.cfm?zaction=auction&zmethod=details&AID=2022-CA-006698-O&bypassPage=1,https://pcpao.gov/Parcel-Details/282213756816150
06/01/2026 11:00 AM ET,"2408 MAYER ST ORLANDO, 32806","$224,462.82","$247,338.00",Hidden,2018-CA-007877-O,Property,https://orange.realforeclose.com//index.cfm?zaction=auction&zmethod=details&AID=2018-CA-007877-O&bypassPage=1,https://pcpao.gov/Parcel-Details/Property
06/02/2026 11:00 AM ET,"3362 AZOLLA ST ORLANDO, 32808","$2,462.22","$282,480.00",Hidden,2023-CA-017798-O,TIMESHARE,https://orange.realforeclose.com//index.cfm?zaction=auction&zmethod=details&AID=2023-CA-017798-O&bypassPage=1,https://pcpao.gov/Parcel-Details/TIMESHARE
06/02/2026 11:00 AM ET,"14061 TURNING LEAF DR ORLANDO, 32828","$4,447.07","$271,648.00",Hidden,2024-CA-010935-O,TIMESHARE,https://orange.realforeclose.com//index.cfm?zaction=auction&zmethod=details&AID=2024-CA-010935-O&bypassPage=1,https://pcpao.gov/Parcel-Details/TIMESHARE
06/02/2026 11:00 AM ET,"1825 HUGGINS DR APOPKA, 32703","$16,051.90","$186,270.00",Hidden,2025-CA-004562-O,TIMESHARE,https://orange.realforeclose.com//index.cfm?zaction=auction&zmethod=details&AID=2025-CA-004562-O&bypassPage=1,https://pcpao.gov/Parcel-Details/TIMESHARE
06/03/2026 11:00 AM ET,"7029 CARNA CT ORLANDO, 32807","$163,220.60","$110,579.00",Hidden,2023-CA-016936-O,302226797300210,https://orange.realforeclose.com//index.cfm?zaction=auction&zmethod=details&AID=2023-CA-016936-O&bypassPage=1,https://pcpao.gov/Parcel-Details/302226797300210
06/04/2026 11:00 AM ET,"6326 ABBEYDALE CT ORLANDO, 32818","$10,098.02","$186,857.00",Hidden,2023-CC-022155-O,282125813300520,https://orange.realforeclose.com//index.cfm?zaction=auction&zmethod=details&AID=2023-CC-022155-O&bypassPage=1,https://pcpao.gov/Parcel-Details/282125813300520
06/04/2026 11:00 AM ET,"5550 E MICHIGAN ST UNIT 2325 ORLANDO, 32822","$129,481.16","$110,673.00",Hidden,2024-CA-006356-O,302304734602325,https://orange.realforeclose.com//index.cfm?zaction=auction&zmethod=details&AID=2024-CA-006356-O&bypassPage=1,https://pcpao.gov/Parcel-Details/302304734602325
06/05/2026 11:00 AM ET,"5800 LACONIA RD ORLANDO, 32808","$162,879.08","$184,573.00",Hidden,2024-CA-006297-O,282213756813030,https://orange.realforeclose.com//index.cfm?zaction=auction&zmethod=details&AID=2024-CA-006297-O&bypassPage=1,https://pcpao.gov/Parcel-Details/282213756813030
06/05/2026 11:00 AM ET,"4749 HOPESPRING DR ORLANDO, 32829","$7,509.81","$314,330.00",Hidden,2024-CC-007089-O,302313129600640,https://orange.realforeclose.com//index.cfm?zaction=auction&zmethod=details&AID=2024-CC-007089-O&bypassPage=1,https://pcpao.gov/Parcel-Details/302313129600640
06/08/2026 11:00 AM ET,"14161 WALCOTT AVE ORLANDO, 32827","$10,105.95","$423,339.00",Hidden,2025-CA-010575-O,302425494502950,https://orange.realforeclose.com//index.cfm?zaction=auction&zmethod=details&AID=2025-CA-010575-O&bypassPage=1,https://pcpao.gov/Parcel-Details/302425494502950
06/09/2026 11:00 AM ET,"7348 SPARKLING LAKE RD ORLANDO, 32819","$96,302.88","$390,276.00",Hidden,2024-CA-008746-O,282323629400300,https://orange.realforeclose.com//index.cfm?zaction=auction&zmethod=details&AID=2024-CA-008746-O&bypassPage=1,https://pcpao.gov/Parcel-Details/282323629400300
06/09/2026 11:00 AM ET,"1835 ALBERT LEE PKWY WINTER PARK, 32789","$3,729.74","$326,020.00",Hidden,2024-CA-009867-O,TIMESHARE,https://orange.realforeclose.com//index.cfm?zaction=auction&zmethod=details&AID=2024-CA-009867-O&bypassPage=1,https://pcpao.gov/Parcel-Details/TIMESHARE
06/10/2026 11:00 AM ET,"4238 WATERMILL AVE ORLANDO, 32817","$223,409.39","$322,498.00",Hidden,2024-CA-005953-O,312206906600960,https://orange.realforeclose.com//index.cfm?zaction=auction&zmethod=details&AID=2024-CA-005953-O&bypassPage=1,https://pcpao.gov/Parcel-Details/312206906600960
06/10/2026 11:00 AM ET,"309 BAY ST APOPKA, 32712","$67,611.99","$265,150.00",Hidden,2025-CA-002983-O,282103545700360,https://orange.realforeclose.com//index.cfm?zaction=auction&zmethod=details&AID=2025-CA-002983-O&bypassPage=1,https://pcpao.gov/Parcel-Details/282103545700360
06/10/2026 11:00 AM ET,"13807 ORANGE CREST DR WINDERMERE, 34786","$941,828.97","$446,540.00",Hidden,2025-CA-003076-O,272322152701370,https://orange.realforeclose.com//index.cfm?zaction=auction&zmethod=details&AID=2025-CA-003076-O&bypassPage=1,https://pcpao.gov/Parcel-Details/272322152701370
06/11/2026 11:00 AM ET,"225 RONNIE CIR ORLANDO, 32811","$423,783.37","$283,070.00",Hidden,2025-CA-003544-O,292230923023070,https://orange.realforeclose.com//index.cfm?zaction=auction&zmethod=details&AID=2025-CA-003544-O&bypassPage=1,https://pcpao.gov/Parcel-Details/292230923023070
06/15/2026 11:00 AM ET,"7712 MINUTEMEN LOOP WINTER GARDEN, 34787","$17,230.19","$1,415,642.00",Hidden,2024-CC-021780-O,272328914900340,https://orange.realforeclose.com//index.cfm?zaction=auction&zmethod=details&AID=2024-CC-021780-O&bypassPage=1,https://pcpao.gov/Parcel-Details/272328914900340
06/15/2026 11:00 AM ET,"540 NICOLE MARIE ST APOPKA, 32712","$9,990.62","$359,060.00",Hidden,2024-CC-022302-O,282104137200670,https://orange.realforeclose.com//index.cfm?zaction=auction&zmethod=details&AID=2024-CC-022302-O&bypassPage=1,https://pcpao.gov/Parcel-Details/282104137200670
06/16/2026 11:00 AM ET,"8710 FOLEY DR ORLANDO, 32825","$214,398.14","$89,849.00",Hidden,2018-CA-008246-O,302225892500200,https://orange.realforeclose.com//index.cfm?zaction=auction&zmethod=details&AID=2018-CA-008246-O&bypassPage=1,https://pcpao.gov/Parcel-Details/302225892500200
06/16/2026 11:00 AM ET,"600 MADISON AVE ORLANDO, 32805","$343,757.28","$297,130.00",Hidden,2023-CA-017151-O,292227824405051,https://orange.realforeclose.com//index.cfm?zaction=auction&zmethod=details&AID=2023-CA-017151-O&bypassPage=1,https://pcpao.gov/Parcel-Details/292227824405051
06/16/2026 11:00 AM ET,"11011 SYLVAN POND CIR ORLANDO, 32825","$13,014.66","$121,494.00",Hidden,2023-CC-013712-O,312221850701010,https://orange.realforeclose.com//index.cfm?zaction=auction&zmethod=details&AID=2023-CC-013712-O&bypassPage=1,https://pcpao.gov/Parcel-Details/312221850701010
06/16/2026 11:00 AM ET,"1348 WHITNEY ISLES DR WINDERMERE, 34786","$466,898.49","$536,957.00",Hidden,2025-CA-003624-O,282231926000050,https://orange.realforeclose.com//index.cfm?zaction=auction&zmethod=details&AID=2025-CA-003624-O&bypassPage=1,https://pcpao.gov/Parcel-Details/282231926000050
06/16/2026 11:00 AM ET,"13203 ASHINGTON POINTE DR ORLANDO, 32824","$60,840.38","$225,722.00",Hidden,2025-CA-004211-O,302430351001230,https://orange.realforeclose.com//index.cfm?zaction=auction&zmethod=details&AID=2025-CA-004211-O&bypassPage=1,https://pcpao.gov/Parcel-Details/302430351001230
06/16/2026 11:00 AM ET,"3424 ALISSA CT ORLANDO, 32808-3202","$6,704.47","$413,750.00",Hidden,2025-CA-006680-O,TIMESHARE,https://orange.realforeclose.com//index.cfm?zaction=auction&zmethod=details&AID=2025-CA-006680-O&bypassPage=1,https://pcpao.gov/Parcel-Details/TIMESHARE
06/17/2026 11:00 AM ET,"9001 WOODBREEZE BLVD WINDERMERE, 34786","$419,489.14","$445,529.00",Hidden,2023-CA-010984-O,282316805900580,https://orange.realforeclose.com//index.cfm?zaction=auction&zmethod=details&AID=2023-CA-010984-O&bypassPage=1,https://pcpao.gov/Parcel-Details/282316805900580
06/17/2026 11:00 AM ET,"5089 ERNST CT UNIT 59 ORLANDO, 32819","$19,821.03","$140,240.00",Hidden,2025-CC-010839-O,282313549412590,https://orange.realforeclose.com//index.cfm?zaction=auction&zmethod=details&AID=2025-CC-010839-O&bypassPage=1,https://pcpao.gov/Parcel-Details/282313549412590
06/17/2026 11:00 AM ET,"2507 RED BERRY WAY OCOEE, 34761","$614,156.12","$524,856.00",Hidden,2026-CA-000137-O,282204016001100,https://orange.realforeclose.com//index.cfm?zaction=auction&zmethod=details&AID=2026-CA-000137-O&bypassPage=1,https://pcpao.gov/Parcel-Details/282204016001100
06/18/2026 11:00 AM ET,"7808 CLUBHOUSE ESTATES DR ORLANDO, 32819","$566,958.93","$417,530.00",Hidden,2024-CA-010151-O,282327143400510,https://orange.realforeclose.com//index.cfm?zaction=auction&zmethod=details&AID=2024-CA-010151-O&bypassPage=1,https://pcpao.gov/Parcel-Details/282327143400510
06/18/2026 11:00 AM ET,"11108 CYPRESS TRAIL DR ORLANDO, 32825","$338,884.55","$213,193.00",Hidden,2025-CA-010567-O,312233946800940,https://orange.realforeclose.com//index.cfm?zaction=auction&zmethod=details&AID=2025-CA-010567-O&bypassPage=1,https://pcpao.gov/Parcel-Details/312233946800940
06/22/2026 11:00 AM ET,"10070 BRODBECK BLVD ORLANDO, 32832","$466,281.54","$482,430.00",Hidden,2025-CA-003375-O,312406410401790,https://orange.realforeclose.com//index.cfm?zaction=auction&zmethod=details&AID=2025-CA-003375-O&bypassPage=1,https://pcpao.gov/Parcel-Details/312406410401790
06/23/2026 11:00 AM ET,"20 OAKDALE ST WINDERMERE, 34786","$1,024,988.26","$1,275,020.00","$1,024,988.26",2025-CA-010973-O,282308194801130,https://orange.realforeclose.com//index.cfm?zaction=auction&zmethod=details&AID=2025-CA-010973-O&bypassPage=1,https://pcpao.gov/Parcel-Details/282308194801130
06/24/2026 11:00 AM ET,"12872 LAKE SAWYER LN WINDERMERE, 34786","$1,059,474.58","$661,612.00",Hidden,2016-CA-004877-O,272324000000019,https://orange.realforeclose.com//index.cfm?zaction=auction&zmethod=details&AID=2016-CA-004877-O&bypassPage=1,https://pcpao.gov/Parcel-Details/272324000000019
06/25/2026 11:00 AM ET,"2321 HOME AGAIN RD APOPKA, 32712","$297,135.02","$430,560.00",Hidden,2024-CA-009114-O,282029602901730,https://orange.realforeclose.com//index.cfm?zaction=auction&zmethod=details&AID=2024-CA-009114-O&bypassPage=1,https://pcpao.gov/Parcel-Details/282029602901730
06/25/2026 11:00 AM ET,"1242 SHELTER ROCK RD ORLANDO, 32835","$323,496.11","$248,735.00",Hidden,2025-CA-007640-O,282234331300430,https://orange.realforeclose.com//index.cfm?zaction=auction&zmethod=details&AID=2025-CA-007640-O&bypassPage=1,https://pcpao.gov/Parcel-Details/282234331300430
06/30/2026 11:00 AM ET,"3126 KELVINGTON DR ORLANDO, 32810","$304,541.96","$218,062.00",Hidden,2025-CA-009097-O,292133748800140,https://orange.realforeclose.com//index.cfm?zaction=auction&zmethod=details&AID=2025-CA-009097-O&bypassPage=1,https://pcpao.gov/Parcel-Details/292133748800140
07/02/2026 11:00 AM ET,"5 N FORSYTH RD ORLANDO, 32807","$280,131.43","$210,310.00",Hidden,2023-CA-016874-O,302226000000077,https://orange.realforeclose.com//index.cfm?zaction=auction&zmethod=details&AID=2023-CA-016874-O&bypassPage=1,https://pcpao.gov/Parcel-Details/302226000000077
07/07/2026 11:00 AM ET,"6677 CORAL BERRY DR MOUNT DORA, 32757","$5,374.92","$278,094.00",Hidden,2024-CC-017097-O,272016369101620,https://orange.realforeclose.com//index.cfm?zaction=auction&zmethod=details&AID=2024-CC-017097-O&bypassPage=1,https://pcpao.gov/Parcel-Details/272016369101620
07/08/2026 11:00 AM ET,"762 KINGS COVE CT ORLANDO, 32807","$210,436.69","$53,262.00",Hidden,2024-CA-001450-O,302222419800061,https://orange.realforeclose.com//index.cfm?zaction=auction&zmethod=details&AID=2024-CA-001450-O&bypassPage=1,https://pcpao.gov/Parcel-Details/302222419800061
07/14/2026 11:00 AM ET,"5522 WESTHAVEN CT ORLANDO, 32810","$298,073.36","$85,039.00",Hidden,2025-CA-005562-O,282136891200130,https://orange.realforeclose.com//index.cfm?zaction=auction&zmethod=details&AID=2025-CA-005562-O&bypassPage=1,https://pcpao.gov/Parcel-Details/282136891200130
07/16/2026 11:00 AM ET,"10514 LINGER LN ORLANDO, 32821","$9,457.31","$259,110.00",Hidden,2025-CC-005115-O,292407472001360,https://orange.realforeclose.com//index.cfm?zaction=auction&zmethod=details&AID=2025-CC-005115-O&bypassPage=1,https://pcpao.gov/Parcel-Details/292407472001360
08/12/2026 11:00 AM ET,"2025 RIBBON FALLS PKWY ORLANDO, 32824","$239,078.08","$400,420.00",Hidden,2024-CA-007298-O,302429394501830,https://orange.realforeclose.com//index.cfm?zaction=auction&zmethod=details&AID=2024-CA-007298-O&bypassPage=1,https://pcpao.gov/Parcel-Details/302429394501830
08/18/2026 11:00 AM ET,"4426 POINT LOOK OUT RD ORLANDO, 32808","$168,556.39","$317,110.00",Hidden,2023-CA-011215-O,292205775800490,https://orange.realforeclose.com//index.cfm?zaction=auction&zmethod=details&AID=2023-CA-011215-O&bypassPage=1,https://pcpao.gov/Parcel-Details/292205775800490
08/31/2026 11:00 AM ET,"9941 GROSVENOR POINTE CIR WINDERMERE, 34786","$1,095,209.39","$3,402,476.00",Hidden,2024-CA-009540-O,282329408309840,https://orange.realforeclose.com//index.cfm?zaction=auction&zmethod=details&AID=2024-CA-009540-O&bypassPage=1,https://pcpao.gov/Parcel-Details/282329408309840
